exog_variables,model_order,arima_p,arima_d,arima_q,aic,bic,rmse,mae
"tmean_lag120, tmean_lag150","ARIMAX(3,1,3)",3,1,3,-8495.913249110225,-8453.27926648431,0.4029072773291434,0.3408918974820048
"tmean_lag120, tmean_lag135, tmean_lag150","ARIMAX(3,1,3)",3,1,3,-8473.707876496468,-8426.81049560796,0.4243840542410289,0.36555326869563515
"tmean_lag150, tmean_lag90","ARIMAX(3,1,2)",3,1,2,-8441.011686757043,-8406.90450065631,0.7000549473358717,0.6341342695857696
"tmean_lag135, tmean_lag150, tmean_lag90","ARIMAX(3,1,2)",3,1,2,-8336.992173423401,-8298.621589060076,0.708445526189557,0.6352097220202533
"tmean_lag105, tmean_lag150, tmean_lag180","ARIMAX(1,1,1)",1,1,1,-6193.1171011402275,-6163.2733133020865,0.806767614436549,0.6605591021133214
"tmean_lag120, tmean_lag135, tmean_lag150, tmean_lag180","ARIMAX(2,1,3)",2,1,3,-8203.141830605955,-8160.507847980039,0.8354787228545055,0.7383182223363763
"tmean_lag120, tmean_lag90","ARIMAX(2,1,3)",2,1,3,-8245.865508166062,-8211.758322065329,0.8709469108121183,0.7718781867608582
tmean_lag150,"ARIMAX(3,1,3)",3,1,3,-9345.068406298778,-9310.961220198045,0.8738375782720414,0.7527208069887179
"tmean_lag120, tmean_lag150, tmean_lag90","ARIMAX(2,1,3)",2,1,3,-8207.985409169123,-8169.614824805799,0.8746614775738242,0.7745556156024662
"tmean_lag120, tmean_lag135, tmean_lag0, tmean_lag180","ARIMAX(2,1,3)",2,1,3,-8149.124768435188,-8106.490785809272,0.8948159960956499,0.7904549446242694
tmean_lag165,"ARIMAX(2,1,3)",2,1,3,-8087.698527921403,-8053.59134182067,0.8999606577351726,0.7867666217079345
"tmean_lag120, tmean_lag150, tmean_lag0, tmean_lag180","ARIMAX(2,1,3)",2,1,3,-8142.689997831067,-8100.05601520515,0.9053876210882765,0.7993479701604281
"tmean_lag120, tmean_lag90, tmean_lag0","ARIMAX(2,1,3)",2,1,3,-8160.933162713969,-8122.562578350645,0.9305181811502523,0.8247748696378442
"tmean_lag120, tmean_lag150, tmean_lag165","ARIMAX(2,1,3)",2,1,3,-8007.0782988442825,-7964.444316218366,0.9322666963156204,0.8241249303853172
"tmean_lag90, tmean_lag180","ARIMAX(2,1,3)",2,1,3,-8299.136118398748,-8265.028932298015,0.9606082684016685,0.8475190569813008
"tmean_lag135, tmean_lag90, tmean_lag180","ARIMAX(2,1,3)",2,1,3,-8274.460231901978,-8236.089647538653,0.9654214030610548,0.8517119883724317
"tmean_lag120, tmean_lag150, tmean_lag90, tmean_lag180","ARIMAX(2,1,3)",2,1,3,-8125.481494201114,-8082.847511575198,0.967935440245352,0.8563566422055624
tmean_lag105,"ARIMAX(3,1,3)",3,1,3,-7925.925539505144,-7891.818353404411,0.9750396261344253,0.8737549793430814
"tmean_lag135, tmean_lag105","ARIMAX(2,1,3)",2,1,3,-7927.414578155744,-7893.3073920550105,0.980235869606225,0.8784230880861252
"tmean_lag150, tmean_lag165","ARIMAX(2,1,3)",2,1,3,-8087.255797528099,-8053.148611427366,0.982944950454442,0.871822282279824
"tmean_lag120, tmean_lag105","ARIMAX(2,1,3)",2,1,3,-7898.828211570468,-7864.721025469735,0.9902706998896041,0.8872410813659253
"tmean_lag135, tmean_lag165","ARIMAX(2,1,3)",2,1,3,-8105.718993165108,-8071.611807064375,0.9926997404166749,0.8799303882963293
"tmean_lag120, tmean_lag135, tmean_lag105","ARIMAX(2,1,3)",2,1,3,-7870.252413447092,-7827.618430821176,1.003520363013914,0.8971244542213426
"tmean_lag120, tmean_lag135, tmean_lag90, tmean_lag0, tmean_lag180","ARIMAX(2,1,3)",2,1,3,-8053.256240688745,-8006.358859800237,1.0206179812690352,0.9021891140430345
"tmean_lag135, tmean_lag105, tmean_lag150","ARIMAX(2,1,3)",2,1,3,-7908.156624216815,-7869.78603985349,1.0230747217244058,0.9148803560580403
"tmean_lag120, tmean_lag150, tmean_lag90, tmean_lag0, tmean_lag180","ARIMAX(2,1,3)",2,1,3,-8038.900237636389,-7992.002856747881,1.024703898121749,0.9054003934053039
"tmean_lag135, tmean_lag150, tmean_lag90, tmean_lag0, tmean_lag180","ARIMAX(2,1,3)",2,1,3,-8129.7424457973575,-8082.84506490885,1.0448934224557396,0.9208454118449821
"tmean_lag105, tmean_lag0","ARIMAX(2,1,3)",2,1,3,-7849.126970251716,-7815.019784150983,1.0491152710679932,0.9376181312024447
"tmean_lag120, tmean_lag150, tmean_lag165, tmean_lag0","ARIMAX(2,1,3)",2,1,3,-7904.630477037861,-7861.996494411945,1.0567873451379584,0.9392974497750486
"tmean_lag120, tmean_lag135, tmean_lag150, tmean_lag165, tmean_lag0","ARIMAX(2,1,3)",2,1,3,-7887.069828688587,-7840.17244780008,1.056890813219738,0.9395032955553023
"tmean_lag120, tmean_lag105, tmean_lag0","ARIMAX(2,1,3)",2,1,3,-7844.269533133152,-7805.898948769828,1.0578665092353765,0.9452383626136059
"tmean_lag135, tmean_lag150","ARIMAX(3,1,3)",3,1,3,-8987.712824306267,-8945.078841680352,1.0639769842762512,0.9013830754084176
"tmean_lag120, tmean_lag135, tmean_lag105, tmean_lag0","ARIMAX(2,1,3)",2,1,3,-7816.969675542898,-7774.335692916981,1.0639868210652954,0.9506809834247029
"tmean_lag120, tmean_lag165, tmean_lag0","ARIMAX(2,1,3)",2,1,3,-7922.463926479222,-7884.093342115898,1.0655369239884436,0.9462205985690564
"tmean_lag120, tmean_lag135, tmean_lag165, tmean_lag0","ARIMAX(2,1,3)",2,1,3,-7890.868588317059,-7848.234605691143,1.0678588153010702,0.9483541174708942
"tmean_lag135, tmean_lag105, tmean_lag180","ARIMAX(2,1,3)",2,1,3,-7848.370427865886,-7809.999843502562,1.0725105001767805,0.9567876554002253
"tmean_lag135, tmean_lag90, tmean_lag0","ARIMAX(3,1,0)",3,1,0,-8318.089356236937,-8283.982170136203,1.073628412388766,0.9261119759021861
"tmean_lag105, tmean_lag180","ARIMAX(2,1,3)",2,1,3,-7855.191409345474,-7821.084223244741,1.074172742140414,0.9580484881387411
"tmean_lag120, tmean_lag135, tmean_lag105, tmean_lag180","ARIMAX(2,1,3)",2,1,3,-7818.09559311595,-7775.461610490033,1.083444744760973,0.966474012050305
"tmean_lag120, tmean_lag105, tmean_lag150, tmean_lag0","ARIMAX(2,1,3)",2,1,3,-7819.196066019404,-7776.562083393487,1.0937987678632823,0.9759403081856962
"tmean_lag135, tmean_lag105, tmean_lag150, tmean_lag0","ARIMAX(2,1,3)",2,1,3,-7817.358320547503,-7774.724337921587,1.0980435287456927,0.9796726765838328
"tmean_lag135, tmean_lag165, tmean_lag0","ARIMAX(3,1,3)",3,1,3,-8006.38439266243,-7963.750410036514,1.1002416188006374,0.9767825783722446
"tmean_lag105, tmean_lag0, tmean_lag180","ARIMAX(2,1,3)",2,1,3,-7745.506244091831,-7702.872261465915,1.101333503625988,0.9765928707032447
"tmean_lag120, tmean_lag135, tmean_lag105, tmean_lag150, tmean_lag0","ARIMAX(2,1,3)",2,1,3,-7803.77370214586,-7756.876321257352,1.1037935281461395,0.9846307125280257
"tmean_lag135, tmean_lag150, tmean_lag165, tmean_lag0","ARIMAX(3,1,3)",3,1,3,-8043.515779900181,-7996.618399011673,1.1079602654226195,0.9849836822534435
"tmean_lag120, tmean_lag105, tmean_lag90","ARIMAX(2,1,3)",2,1,3,-7738.429552400294,-7700.058968036969,1.11008988781686,0.9889394539986971
"tmean_lag105, tmean_lag90","ARIMAX(2,1,3)",2,1,3,-7757.141182153947,-7723.033996053214,1.1107060288508888,0.9892218829585824
"tmean_lag120, tmean_lag135, tmean_lag105, tmean_lag90","ARIMAX(2,1,3)",2,1,3,-7726.7627621356905,-7684.128779509774,1.1200018576920494,0.9975235461208818
"tmean_lag120, tmean_lag150, tmean_lag165, tmean_lag90","ARIMAX(2,1,3)",2,1,3,-7893.910577244538,-7851.276594618622,1.1207639431766492,0.9949046894732458
"tmean_lag120, tmean_lag135, tmean_lag150, tmean_lag165, tmean_lag90","ARIMAX(2,1,3)",2,1,3,-7884.376120419494,-7837.478739530987,1.1209194764205437,0.9950440988597782
"tmean_lag135, tmean_lag165, tmean_lag90, tmean_lag0","ARIMAX(2,1,3)",2,1,3,-7861.596403355648,-7814.699022467141,1.1220925424542527,0.9843691116038764
"tmean_lag150, tmean_lag165, tmean_lag0","ARIMAX(3,1,3)",3,1,3,-8053.560562673447,-8010.9265800475305,1.1226634780761144,0.9985279770971519
"tmean_lag135, tmean_lag105, tmean_lag90","ARIMAX(2,1,3)",2,1,3,-7745.675185886837,-7707.304601523513,1.1235718511755652,1.0005758818289772
"tmean_lag120, tmean_lag105, tmean_lag150, tmean_lag180","ARIMAX(2,1,3)",2,1,3,-7812.223739882608,-7769.589757256692,1.1294860872182282,1.005887211641363
"tmean_lag120, tmean_lag135, tmean_lag105, tmean_lag150, tmean_lag0, tmean_lag180","ARIMAX(2,1,3)",2,1,3,-7699.197307954926,-7643.773130541235,1.1334348798938534,1.0036452435172334
"tmean_lag105, tmean_lag150, tmean_lag90","ARIMAX(2,1,3)",2,1,3,-7744.623263042202,-7706.252678678878,1.1378461001630504,1.0123062809299368
"tmean_lag120, tmean_lag150, tmean_lag165, tmean_lag180","ARIMAX(2,1,3)",2,1,3,-7875.988726016221,-7833.354743390305,1.1381292768754308,1.0102599981926224
"tmean_lag120, tmean_lag105, tmean_lag150, tmean_lag90","ARIMAX(2,1,3)",2,1,3,-7727.310501082766,-7684.676518456849,1.1384555394290763,1.0131768695958372
"tmean_lag120, tmean_lag135, tmean_lag165, tmean_lag90","ARIMAX(2,1,3)",2,1,3,-7880.718696993006,-7838.08471436709,1.139602957426397,1.0107179258080448
"tmean_lag120, tmean_lag165, tmean_lag180","ARIMAX(2,1,3)",2,1,3,-7889.666720202691,-7851.296135839367,1.1505958423540097,1.0207425939499553
"tmean_lag135, tmean_lag105, tmean_lag0, tmean_lag180","ARIMAX(2,1,3)",2,1,3,-7760.811761606863,-7718.177778980947,1.1514029171680837,1.025069747464007
"tmean_lag120, tmean_lag135, tmean_lag165, tmean_lag180","ARIMAX(2,1,3)",2,1,3,-7874.022241023719,-7831.388258397803,1.1520355026645834,1.0220844203356776
tmean_lag135,"ARIMAX(3,1,2)",3,1,2,-9581.70961096908,-9547.602424868346,1.1542122271956834,0.9376223604528083
"tmean_lag135, tmean_lag150, tmean_lag165, tmean_lag90","ARIMAX(3,1,3)",3,1,3,-8023.935080805759,-7977.037699917251,1.1545736450242994,1.0237126125591989
"tmean_lag120, tmean_lag135, tmean_lag105, tmean_lag150, tmean_lag90","ARIMAX(2,1,3)",2,1,3,-7701.665287021867,-7654.767906133359,1.158358568055214,1.0305263433105392
"tmean_lag150, tmean_lag165, tmean_lag90, tmean_lag0","ARIMAX(2,1,3)",2,1,3,-7889.04403829982,-7846.410055673904,1.1597011461647837,1.0248975723014007
"tmean_lag120, tmean_lag105, tmean_lag0, tmean_lag180","ARIMAX(2,1,3)",2,1,3,-7745.869291490635,-7703.235308864719,1.1600186984441094,1.0326038372945054
"tmean_lag135, tmean_lag105, tmean_lag150, tmean_lag90","ARIMAX(2,1,3)",2,1,3,-7736.858251317977,-7694.224268692061,1.160294703867838,1.0319914449969119
"tmean_lag105, tmean_lag90, tmean_lag180","ARIMAX(2,1,3)",2,1,3,-7669.973308031996,-7627.339325406079,1.1619250884294063,1.02693670882187
"tmean_lag120, tmean_lag135, tmean_lag150, tmean_lag90","ARIMAX(3,1,0)",3,1,0,-8219.637494450573,-8181.266910087249,1.1673965960795964,1.0290183130115806
"tmean_lag120, tmean_lag135, tmean_lag90","ARIMAX(3,1,0)",3,1,0,-8351.741921409812,-8317.634735309079,1.170304761119117,1.0314545761260698
"tmean_lag135, tmean_lag150, tmean_lag165, tmean_lag0, tmean_lag180","ARIMAX(2,1,3)",2,1,3,-7819.752642506944,-7772.855261618436,1.1761147629846311,1.0397829801877465
"tmean_lag120, tmean_lag150, tmean_lag165, tmean_lag90, tmean_lag0","ARIMAX(2,1,3)",2,1,3,-7809.839450541953,-7762.942069653445,1.1786296409794357,1.0446153063286514
"tmean_lag165, tmean_lag90, tmean_lag0","ARIMAX(2,1,3)",2,1,3,-7887.785593315364,-7849.41500895204,1.1786795432538684,1.0407468418684522
"tmean_lag120, tmean_lag135, tmean_lag150, tmean_lag165, tmean_lag90, tmean_lag0","ARIMAX(2,1,3)",2,1,3,-7807.414591160752,-7756.253812009652,1.17992939499628,1.0457762765811722
"tmean_lag105, tmean_lag90, tmean_lag0","ARIMAX(2,1,3)",2,1,3,-7691.162609398326,-7652.792025035002,1.1815242042351983,1.0507817589782489
"tmean_lag165, tmean_lag0, tmean_lag180","ARIMAX(2,1,3)",2,1,3,-7841.835452038671,-7803.464867675347,1.1868032089986984,1.0485675212599106
"tmean_lag120, tmean_lag135, tmean_lag105, tmean_lag90, tmean_lag0","ARIMAX(2,1,3)",2,1,3,-7658.465014545989,-7611.567633657482,1.1934566517403524,1.0613820173742998
"tmean_lag135, tmean_lag105, tmean_lag90, tmean_lag0","ARIMAX(2,1,3)",2,1,3,-7680.085071400121,-7637.451088774204,1.195886922728851,1.063426614723033
"tmean_lag105, tmean_lag150, tmean_lag0, tmean_lag180","ARIMAX(2,1,3)",2,1,3,-7753.454646694234,-7710.8206640683175,1.1959040942566195,1.063158762828293
"tmean_lag135, tmean_lag105, tmean_lag150, tmean_lag0, tmean_lag180","ARIMAX(2,1,3)",2,1,3,-7740.7702311320045,-7693.872850243497,1.1971650813702368,1.0643763683635625
"tmean_lag120, tmean_lag165, tmean_lag90, tmean_lag0","ARIMAX(2,1,3)",2,1,3,-7802.216681739623,-7759.582699113706,1.1987162779749974,1.061468163371769
"tmean_lag120, tmean_lag105, tmean_lag150, tmean_lag0, tmean_lag180","ARIMAX(2,1,3)",2,1,3,-7724.770715593333,-7677.8733347048255,1.2022232406887081,1.0688227580990823
"tmean_lag120, tmean_lag135, tmean_lag165, tmean_lag90, tmean_lag0","ARIMAX(2,1,3)",2,1,3,-7785.427658519993,-7738.530277631486,1.2036249130464962,1.065867436446795
"tmean_lag120, tmean_lag90, tmean_lag180","ARIMAX(3,1,0)",3,1,0,-8301.149086669117,-8267.041900568383,1.2072363429622426,1.0554474404891563
"tmean_lag120, tmean_lag135, tmean_lag165, tmean_lag0, tmean_lag180","ARIMAX(2,1,3)",2,1,3,-7774.05074336482,-7727.153362476312,1.2240282247462435,1.0844764312686568
"tmean_lag150, tmean_lag165, tmean_lag90","ARIMAX(3,1,3)",3,1,3,-8105.068905504379,-8062.434922878462,1.2253820144698622,1.0869890146406245
"tmean_lag120, tmean_lag135, tmean_lag105, tmean_lag150, tmean_lag90, tmean_lag0","ARIMAX(2,1,3)",2,1,3,-7644.3373541377205,-7593.176574986621,1.2263661695588353,1.0896178187405616
"tmean_lag135, tmean_lag105, tmean_lag150, tmean_lag90, tmean_lag0","ARIMAX(2,1,3)",2,1,3,-7661.127386304005,-7614.2300054154975,1.2294952966399106,1.0922569575196632
"tmean_lag135, tmean_lag0, tmean_lag180","ARIMAX(3,1,1)",3,1,1,-8419.08133048571,-8380.710746122384,1.22996817956907,1.0739876081202573
"tmean_lag135, tmean_lag105, tmean_lag90, tmean_lag180","ARIMAX(2,1,3)",2,1,3,-7678.147126037549,-7635.513143411633,1.2313451968246458,1.0931158286370657
"tmean_lag120, tmean_lag105, tmean_lag90, tmean_lag180","ARIMAX(2,1,3)",2,1,3,-7653.659553311838,-7611.025570685922,1.2320722051588604,1.0938988270097387
"tmean_lag135, tmean_lag150, tmean_lag90, tmean_lag0","ARIMAX(3,1,0)",3,1,0,-8233.500196781488,-8195.129612418163,1.2337576658974811,1.0865004727835545
"tmean_lag135, tmean_lag150, tmean_lag90, tmean_lag180","ARIMAX(3,1,0)",3,1,0,-8296.18603356933,-8257.815449206006,1.2380428620303185,1.091207029760915
"tmean_lag135, tmean_lag150, tmean_lag165, tmean_lag90, tmean_lag180","ARIMAX(1,1,1)",1,1,1,-6188.129747499954,-6149.7591631366295,1.2391003252405948,1.0477553259063672
"tmean_lag135, tmean_lag150, tmean_lag0, tmean_lag180","ARIMAX(3,1,0)",3,1,0,-8234.132310469762,-8195.761726106437,1.243362060787641,1.0888009979436628
"tmean_lag150, tmean_lag90, tmean_lag180","ARIMAX(3,1,0)",3,1,0,-8279.531558432524,-8249.687770594383,1.2634693220186797,1.1161434936095382
"tmean_lag105, tmean_lag150, tmean_lag90, tmean_lag180","ARIMAX(2,1,3)",2,1,3,-7664.164533974097,-7621.530551348181,1.2650804820402954,1.1221732444544186
"tmean_lag165, tmean_lag90, tmean_lag180","ARIMAX(2,1,3)",2,1,3,-7874.391787458195,-7836.0212030948705,1.2655964900053989,1.1188320254462447
"tmean_lag135, tmean_lag165, tmean_lag90, tmean_lag180","ARIMAX(2,1,3)",2,1,3,-7875.271954579659,-7832.637971953743,1.2662974494232082,1.1194576712223434
"tmean_lag135, tmean_lag105, tmean_lag150, tmean_lag90, tmean_lag180","ARIMAX(2,1,3)",2,1,3,-7654.571021585385,-7607.673640696878,1.2731773440600462,1.1293499847089985
"tmean_lag120, tmean_lag135, tmean_lag105, tmean_lag150, tmean_lag90, tmean_lag180","ARIMAX(2,1,3)",2,1,3,-7637.38422604806,-7586.22344689696,1.2732171937478487,1.1295281008779792
"tmean_lag120, tmean_lag135, tmean_lag150, tmean_lag0","ARIMAX(3,1,1)",3,1,1,-8292.108770407604,-8249.474787781688,1.276230620230027,1.1252966222845968
"tmean_lag120, tmean_lag150, tmean_lag180","ARIMAX(3,1,1)",3,1,1,-8279.676513868573,-8241.305929505248,1.2949242100377478,1.141874052001666
"tmean_lag120, tmean_lag135, tmean_lag165, tmean_lag90, tmean_lag180","ARIMAX(2,1,3)",2,1,3,-7775.799819906924,-7728.902439018417,1.2962441656294745,1.147396551472377
"tmean_lag120, tmean_lag180","ARIMAX(3,1,1)",3,1,1,-8408.303985013263,-8374.19679891253,1.3020693346904404,1.1482652675955298
"tmean_lag120, tmean_lag105, tmean_lag90, tmean_lag0, tmean_lag180","ARIMAX(2,1,3)",2,1,3,-7600.962086221607,-7554.0647053330995,1.303379251597628,1.1560252720582014
"tmean_lag105, tmean_lag90, tmean_lag0, tmean_lag180","ARIMAX(2,1,3)",2,1,3,-7610.497485898217,-7567.8635032723005,1.3050183850745352,1.1573610267598347
"tmean_lag135, tmean_lag105, tmean_lag90, tmean_lag0, tmean_lag180","ARIMAX(2,1,3)",2,1,3,-7608.03996718674,-7561.142586298232,1.3072643381354754,1.1594162471920662
"tmean_lag120, tmean_lag105, tmean_lag165, tmean_lag90, tmean_lag0, tmean_lag180","ARIMAX(3,1,3)",3,1,3,-7341.726240657272,-7286.302063243581,1.3083860457988727,1.1571287624240252
"tmean_lag120, tmean_lag105, tmean_lag150, tmean_lag165, tmean_lag90, tmean_lag0, tmean_lag180","ARIMAX(3,1,3)",3,1,3,-7334.718034165295,-7275.030458489012,1.3089434779746096,1.1579885172591857
"tmean_lag120, tmean_lag135, tmean_lag105, tmean_lag150, tmean_lag165, tmean_lag90, tmean_lag0, tmean_lag180","ARIMAX(3,1,3)",3,1,3,-7332.6866106869375,-7268.735636748063,1.3114320418478826,1.1603322349235397
"tmean_lag120, tmean_lag135, tmean_lag105, tmean_lag165, tmean_lag90, tmean_lag0, tmean_lag180","ARIMAX(3,1,3)",3,1,3,-7337.756685120092,-7278.069109443809,1.3119962879678897,1.1605651325626347
"tmean_lag150, tmean_lag165, tmean_lag90, tmean_lag0, tmean_lag180","ARIMAX(2,1,3)",2,1,3,-7766.534233641542,-7719.636852753035,1.3235753100476202,1.169677453465798
"tmean_lag90, tmean_lag0","ARIMAX(3,1,1)",3,1,1,-8318.694140440788,-8284.586954340055,1.324990176948162,1.1700527681201023
"tmean_lag105, tmean_lag165, tmean_lag90, tmean_lag0, tmean_lag180","ARIMAX(3,1,3)",3,1,3,-7347.4161118589045,-7296.255332707805,1.3313073924711178,1.1772903036007598
"tmean_lag105, tmean_lag150, tmean_lag165, tmean_lag90, tmean_lag0, tmean_lag180","ARIMAX(3,1,3)",3,1,3,-7346.599626602083,-7291.175449188392,1.3321521785265393,1.1783580149594346
"tmean_lag120, tmean_lag105, tmean_lag150, tmean_lag90, tmean_lag0, tmean_lag180","ARIMAX(2,1,3)",2,1,3,-7589.786339768907,-7538.625560617807,1.3348880936070449,1.1832300766418764
"tmean_lag135, tmean_lag105, tmean_lag165, tmean_lag90, tmean_lag0, tmean_lag180","ARIMAX(3,1,3)",3,1,3,-7343.520261920903,-7288.096084507212,1.3353502355428999,1.1812044913289688
"tmean_lag135, tmean_lag105, tmean_lag150, tmean_lag165, tmean_lag90, tmean_lag0, tmean_lag180","ARIMAX(3,1,3)",3,1,3,-7340.079253779527,-7280.391678103244,1.3358114509332513,1.1818186557183121
"tmean_lag105, tmean_lag150, tmean_lag165","ARIMAX(2,1,3)",2,1,3,-7681.468337540859,-7643.097753177534,1.337555136394437,1.1850734474102895
"tmean_lag105, tmean_lag150, tmean_lag90, tmean_lag0, tmean_lag180","ARIMAX(2,1,3)",2,1,3,-7589.517351595949,-7542.619970707441,1.3377190470612172,1.1856648802310865
"tmean_lag105, tmean_lag165","ARIMAX(2,1,3)",2,1,3,-7675.9493253138135,-7641.84213921308,1.3389372315784671,1.1864400806753772
"tmean_lag135, tmean_lag165, tmean_lag90, tmean_lag0, tmean_lag180","ARIMAX(2,1,3)",2,1,3,-7754.177664159018,-7707.28028327051,1.340129556730152,1.1836391434533367
"tmean_lag165, tmean_lag90, tmean_lag0, tmean_lag180","ARIMAX(2,1,3)",2,1,3,-7751.992101221979,-7709.358118596063,1.3419548027006698,1.1853040856483692
"tmean_lag120, tmean_lag135, tmean_lag105, tmean_lag150, tmean_lag90, tmean_lag0, tmean_lag180","ARIMAX(2,1,3)",2,1,3,-7575.839671701793,-7520.415494288102,1.3433144797079621,1.190659855100429
"tmean_lag135, tmean_lag105, tmean_lag150, tmean_lag90, tmean_lag0, tmean_lag180","ARIMAX(2,1,3)",2,1,3,-7585.797988786954,-7534.637209635855,1.3454452426509111,1.1924372917128216
"tmean_lag135, tmean_lag105, tmean_lag150, tmean_lag165","ARIMAX(2,1,3)",2,1,3,-7670.069893572708,-7627.435910946791,1.3495207392497817,1.195473359844685
"tmean_lag135, tmean_lag0","ARIMAX(2,1,0)",2,1,0,-8555.70199096834,-8530.121601392791,1.3533909085636329,1.1910128737622245
"tmean_lag120, tmean_lag150, tmean_lag165, tmean_lag90, tmean_lag0, tmean_lag180","ARIMAX(2,1,3)",2,1,3,-7686.618562638295,-7635.457783487195,1.3542599938357682,1.198390110438611
"tmean_lag120, tmean_lag105, tmean_lag165","ARIMAX(2,1,3)",2,1,3,-7650.049489694433,-7611.678905331109,1.3769875568960677,1.2186640627913063
"tmean_lag120, tmean_lag135, tmean_lag165, tmean_lag90, tmean_lag0, tmean_lag180","ARIMAX(2,1,3)",2,1,3,-7675.24027039139,-7624.079491240291,1.3795528345785495,1.2203344391132198
"tmean_lag120, tmean_lag165, tmean_lag90, tmean_lag0, tmean_lag180","ARIMAX(2,1,3)",2,1,3,-7678.421454412378,-7631.52407352387,1.3800734536418402,1.2207581981510296
"tmean_lag120, tmean_lag105, tmean_lag150, tmean_lag165","ARIMAX(2,1,3)",2,1,3,-7621.488769582433,-7574.591388693925,1.387951438958576,1.2265794453601944
"tmean_lag120, tmean_lag150, tmean_lag90, tmean_lag0","ARIMAX(3,1,0)",3,1,0,-8155.223216911135,-8121.116030810402,1.3935685007365035,1.2331782381939524
"tmean_lag120, tmean_lag135, tmean_lag90, tmean_lag0","ARIMAX(3,1,0)",3,1,0,-8177.025533987537,-8142.9183478868035,1.3997580567924497,1.2385202874808114
"tmean_lag105, tmean_lag150, tmean_lag165, tmean_lag0","ARIMAX(2,1,3)",2,1,3,-7576.69851974401,-7534.0645371180935,1.414698779928666,1.2515937348554753
"tmean_lag105, tmean_lag165, tmean_lag0","ARIMAX(2,1,3)",2,1,3,-7570.307361808064,-7531.93677744474,1.4177200424665182,1.2543850363408673
"tmean_lag150, tmean_lag165, tmean_lag180","ARIMAX(3,1,3)",3,1,3,-8082.88274724771,-8040.248764621793,1.432285550416039,1.267357561122477
tmean_lag0,"ARIMAX(2,1,0)",2,1,0,-8725.381980088998,-8708.328387038631,1.4379803660270254,1.2704785707796373
"tmean_lag120, tmean_lag105, tmean_lag150, tmean_lag165, tmean_lag0","ARIMAX(2,1,3)",2,1,3,-7545.412959671046,-7498.515578782539,1.4460930132468985,1.278308641908888
"tmean_lag135, tmean_lag150, tmean_lag0","ARIMAX(2,1,0)",2,1,0,-8484.854513616105,-8455.010725777964,1.446490818039085,1.2754827857588917
"tmean_lag120, tmean_lag105, tmean_lag165, tmean_lag0","ARIMAX(2,1,3)",2,1,3,-7552.994073536935,-7510.360090911018,1.448179147644341,1.2800976686301329
"tmean_lag120, tmean_lag135, tmean_lag105, tmean_lag150, tmean_lag165, tmean_lag0","ARIMAX(2,1,3)",2,1,3,-7549.8028229574875,-7498.642043806388,1.4499384092846164,1.281466528062218
"tmean_lag120, tmean_lag135, tmean_lag105, tmean_lag165, tmean_lag0","ARIMAX(2,1,3)",2,1,3,-7541.031456813977,-7494.134075925469,1.4531021972320262,1.2843810640560773
tmean_lag180,"ARIMAX(2,1,0)",2,1,0,-8767.542897582542,-8750.489304532175,1.4697946228950638,1.2980295284345098
"tmean_lag120, tmean_lag135, tmean_lag150, tmean_lag90, tmean_lag180","ARIMAX(3,1,1)",3,1,1,-8162.751209959917,-8120.117227334001,1.4717286152701328,1.300723058457213
"tmean_lag105, tmean_lag165, tmean_lag90","ARIMAX(2,1,3)",2,1,3,-7534.547446265858,-7496.176861902533,1.4729233837321458,1.3023083348781423
"tmean_lag135, tmean_lag180","ARIMAX(2,1,0)",2,1,0,-8508.621014685614,-8487.304023372655,1.473489566765198,1.3015300450009306
"tmean_lag120, tmean_lag135, tmean_lag150, tmean_lag90, tmean_lag0","ARIMAX(3,1,1)",3,1,1,-8139.582133761342,-8096.948151135426,1.4740399714613186,1.3039248329517026
"tmean_lag150, tmean_lag0","ARIMAX(2,1,0)",2,1,0,-8588.746473100162,-8567.429481787203,1.474157119523227,1.3023937233000717
"tmean_lag120, tmean_lag135, tmean_lag90, tmean_lag180","ARIMAX(3,1,1)",3,1,1,-8294.910997519179,-8256.540413155853,1.4780433785298206,1.3061702950046346
"tmean_lag120, tmean_lag105, tmean_lag150, tmean_lag165, tmean_lag90","ARIMAX(2,1,3)",2,1,3,-7501.710965739574,-7454.8135848510665,1.4835220497098045,1.3110866167977595
"tmean_lag135, tmean_lag105, tmean_lag150, tmean_lag165, tmean_lag90","ARIMAX(2,1,3)",2,1,3,-7529.178871328579,-7482.281490440071,1.4840376987486468,1.31175345032323
"tmean_lag135, tmean_lag105, tmean_lag165, tmean_lag90","ARIMAX(2,1,3)",2,1,3,-7526.150040773778,-7483.516058147861,1.4854523114550853,1.313030839699332
"tmean_lag120, tmean_lag105, tmean_lag165, tmean_lag90","ARIMAX(2,1,3)",2,1,3,-7506.179666325779,-7463.545683699863,1.4894271675230493,1.3163036468165754
"tmean_lag120, tmean_lag135, tmean_lag105, tmean_lag150, tmean_lag165, tmean_lag90","ARIMAX(2,1,3)",2,1,3,-7497.5292680879,-7446.3684889368005,1.494487813102927,1.3205006269028565
"tmean_lag120, tmean_lag135, tmean_lag105, tmean_lag165, tmean_lag180","ARIMAX(2,1,3)",2,1,3,-7525.700033801291,-7474.539254650192,1.494879823186326,1.3174789266206595
"tmean_lag135, tmean_lag105, tmean_lag165, tmean_lag0","ARIMAX(1,1,1)",1,1,1,-6444.836324529619,-6410.729138428886,1.498729423180215,1.2789298548593533
"tmean_lag120, tmean_lag135, tmean_lag105, tmean_lag165, tmean_lag90","ARIMAX(2,1,3)",2,1,3,-7499.397403207657,-7452.500022319149,1.4987808924775667,1.3242911493922749
"tmean_lag135, tmean_lag150, tmean_lag180","ARIMAX(2,1,0)",2,1,0,-8558.505678295067,-8532.925288719518,1.5135048812240228,1.3362250126440547
"tmean_lag150, tmean_lag180","ARIMAX(2,1,0)",2,1,0,-8502.094810855278,-8480.77781954232,1.5152700065108333,1.3377920781221806
"tmean_lag120, tmean_lag135, tmean_lag150, tmean_lag0, tmean_lag180","ARIMAX(3,1,1)",3,1,1,-8170.876502952949,-8128.242520327032,1.5205294185372862,1.3441906778808803
"tmean_lag120, tmean_lag135","ARIMAX(2,1,0)",2,1,0,-8603.203324648784,-8581.886333335826,1.5275503815449942,1.3480463130992941
"tmean_lag120, tmean_lag135, tmean_lag105, tmean_lag0, tmean_lag180","ARIMAX(1,1,1)",1,1,1,-6265.2971016429165,-6226.926517279592,1.5279421635110193,1.2973247954702238
tmean_lag120,"ARIMAX(2,1,0)",2,1,0,-8718.22544406928,-8701.171851018913,1.5287252954666248,1.349112883026559
"tmean_lag105, tmean_lag150, tmean_lag165, tmean_lag180","ARIMAX(2,1,3)",2,1,3,-7587.543148999316,-7544.9091663734,1.5430324989245643,1.3622374020942118
"tmean_lag135, tmean_lag105, tmean_lag150, tmean_lag165, tmean_lag180","ARIMAX(2,1,3)",2,1,3,-7585.699958932,-7538.802578043493,1.5435918072899708,1.3626928696842056
"tmean_lag105, tmean_lag165, tmean_lag180","ARIMAX(2,1,3)",2,1,3,-7596.2253472700295,-7557.854762906705,1.5441156629684134,1.3631564194805712
"tmean_lag135, tmean_lag105, tmean_lag165, tmean_lag180","ARIMAX(2,1,3)",2,1,3,-7582.460772408206,-7539.82678978229,1.5453947302676132,1.3643646289795166
"tmean_lag120, tmean_lag105, tmean_lag150, tmean_lag90, tmean_lag180","ARIMAX(1,1,1)",1,1,1,-6339.5334836156335,-6301.162899252309,1.5512473236186266,1.317356012856856
"tmean_lag120, tmean_lag105, tmean_lag150, tmean_lag165, tmean_lag180","ARIMAX(2,1,3)",2,1,3,-7556.859266350075,-7509.961885461567,1.5521162464880747,1.3695893094841818
"tmean_lag120, tmean_lag135, tmean_lag105, tmean_lag150, tmean_lag165, tmean_lag180","ARIMAX(2,1,3)",2,1,3,-7547.620571348278,-7496.459792197178,1.552637033376384,1.3700671647720077
"tmean_lag105, tmean_lag150, tmean_lag165, tmean_lag90, tmean_lag0","ARIMAX(2,1,3)",2,1,3,-7437.24084101925,-7390.343460130743,1.5529957985370417,1.371569872740668
"tmean_lag120, tmean_lag105, tmean_lag165, tmean_lag180","ARIMAX(2,1,3)",2,1,3,-7558.023608782947,-7515.389626157031,1.557740232414798,1.3745185584366797
"tmean_lag150, tmean_lag90, tmean_lag0, tmean_lag180","ARIMAX(3,1,1)",3,1,1,-8166.874919433134,-8124.240936807218,1.5623200212781962,1.379820883192255
"tmean_lag120, tmean_lag105, tmean_lag150, tmean_lag165, tmean_lag90, tmean_lag0","ARIMAX(2,1,3)",2,1,3,-7418.575163655567,-7367.414384504467,1.5628695585255161,1.3797707803206953
"tmean_lag135, tmean_lag105, tmean_lag150, tmean_lag165, tmean_lag90, tmean_lag0","ARIMAX(2,1,3)",2,1,3,-7433.589927701874,-7382.429148550775,1.56605642315273,1.3826759989026822
"tmean_lag135, tmean_lag105, tmean_lag165, tmean_lag90, tmean_lag0","ARIMAX(2,1,3)",2,1,3,-7434.64511523072,-7387.747734342212,1.5685691735312584,1.3849291923880998
"tmean_lag120, tmean_lag105, tmean_lag165, tmean_lag90, tmean_lag0","ARIMAX(2,1,3)",2,1,3,-7419.986551675678,-7373.089170787171,1.5693691596204082,1.3855759975804818
"tmean_lag120, tmean_lag135, tmean_lag105, tmean_lag150, tmean_lag165, tmean_lag90, tmean_lag0","ARIMAX(2,1,3)",2,1,3,-7414.928754016637,-7359.504576602946,1.5731166781104982,1.3885023923566218
"tmean_lag120, tmean_lag135, tmean_lag105, tmean_lag165, tmean_lag90, tmean_lag0","ARIMAX(2,1,3)",2,1,3,-7416.6386142834435,-7365.477835132344,1.577472307678343,1.3923593447191531
"tmean_lag90, tmean_lag0, tmean_lag180","ARIMAX(3,1,1)",3,1,1,-8242.842762006992,-8208.73557590626,1.5792836993291137,1.3953961397974892
"tmean_lag120, tmean_lag90, tmean_lag0, tmean_lag180","ARIMAX(3,1,0)",3,1,0,-8130.875158601877,-8096.767972501144,1.5803203323339583,1.396863831346078
"tmean_lag135, tmean_lag90, tmean_lag0, tmean_lag180","ARIMAX(3,1,1)",3,1,1,-8182.31303662463,-8143.942452261305,1.582735882686056,1.3983822953311353
"tmean_lag120, tmean_lag135, tmean_lag0","ARIMAX(2,1,0)",2,1,0,-8335.064100039195,-8305.220312201054,1.5875156949880473,1.390475778625736
"tmean_lag135, tmean_lag150, tmean_lag165","ARIMAX(3,1,0)",3,1,0,-8162.85248287719,-8133.008695039049,1.6053793211287672,1.4159167989592654
"tmean_lag105, tmean_lag150, tmean_lag165, tmean_lag0, tmean_lag180","ARIMAX(2,1,3)",2,1,3,-7471.7249028529395,-7424.827521964432,1.6221155659075717,1.4305503271461426
"tmean_lag105, tmean_lag165, tmean_lag0, tmean_lag180","ARIMAX(2,1,3)",2,1,3,-7476.957752520585,-7434.323769894669,1.6256445283469136,1.4336599799702967
"tmean_lag120, tmean_lag135, tmean_lag150, tmean_lag165, tmean_lag180","ARIMAX(1,1,1)",1,1,1,-6410.3163242745195,-6371.945739911195,1.6319813384083508,1.3924888392972032
"tmean_lag120, tmean_lag105, tmean_lag150, tmean_lag165, tmean_lag0, tmean_lag180","ARIMAX(2,1,3)",2,1,3,-7453.10303313293,-7401.942253981831,1.634165684715929,1.4404486081496295
"tmean_lag120, tmean_lag135, tmean_lag105, tmean_lag150, tmean_lag165, tmean_lag0, tmean_lag180","ARIMAX(2,1,3)",2,1,3,-7449.818551115866,-7394.3943737021755,1.6344095969356143,1.4406840276576072
"tmean_lag120, tmean_lag105, tmean_lag165, tmean_lag0, tmean_lag180","ARIMAX(2,1,3)",2,1,3,-7457.986530171761,-7411.089149283253,1.639937403166227,1.4454875326695402
"tmean_lag120, tmean_lag135, tmean_lag150, tmean_lag165, tmean_lag90, tmean_lag0, tmean_lag180","ARIMAX(1,1,1)",1,1,1,-6172.075371036003,-6125.177990147496,1.6588421290599598,1.401542820252425
"tmean_lag120, tmean_lag135, tmean_lag150, tmean_lag90, tmean_lag0, tmean_lag180","ARIMAX(3,1,1)",3,1,1,-8054.1803699282955,-8007.282989039788,1.662324464336134,1.4673706628883412
tmean_lag90,"ARIMAX(2,1,0)",2,1,0,-8615.97171223543,-8598.918119185064,1.6648420567451205,1.466342400728992
"tmean_lag165, tmean_lag90","ARIMAX(3,1,0)",3,1,0,-8172.839096411935,-8147.2587068363855,1.6934901459749225,1.4904893261550487
"tmean_lag135, tmean_lag165, tmean_lag90","ARIMAX(3,1,0)",3,1,0,-8082.069807449181,-8052.22601961104,1.6958080398555033,1.4924245019768994
"tmean_lag120, tmean_lag105, tmean_lag150, tmean_lag165, tmean_lag90, tmean_lag180","ARIMAX(2,1,3)",2,1,3,-7410.158451441829,-7358.9976722907295,1.7013326477449198,1.4988125092656641
"tmean_lag105, tmean_lag150, tmean_lag165, tmean_lag90, tmean_lag180","ARIMAX(2,1,3)",2,1,3,-7441.871393701342,-7394.974012812834,1.7024829152089513,1.5000610249576358
"tmean_lag120, tmean_lag135, tmean_lag105, tmean_lag150, tmean_lag165, tmean_lag90, tmean_lag180","ARIMAX(2,1,3)",2,1,3,-7406.555630434529,-7351.131453020838,1.7025670454616524,1.4998688763472896
"tmean_lag135, tmean_lag105, tmean_lag150, tmean_lag165, tmean_lag90, tmean_lag180","ARIMAX(2,1,3)",2,1,3,-7436.976294432086,-7385.815515280987,1.7041248921770893,1.5014338839319539
"tmean_lag105, tmean_lag165, tmean_lag90, tmean_lag180","ARIMAX(2,1,3)",2,1,3,-7444.2006828598305,-7401.566700233914,1.7085314194062924,1.505431655158098
"tmean_lag120, tmean_lag135, tmean_lag105, tmean_lag165, tmean_lag90, tmean_lag180","ARIMAX(2,1,3)",2,1,3,-7409.3671444597685,-7358.206365308669,1.7114549081015118,1.5077008311237954
"tmean_lag120, tmean_lag105, tmean_lag165, tmean_lag90, tmean_lag180","ARIMAX(2,1,3)",2,1,3,-7411.857530746762,-7364.960149858254,1.711779929062084,1.5080432159904775
"tmean_lag135, tmean_lag90","ARIMAX(2,1,0)",2,1,0,-8636.487581658006,-8615.170590345047,1.7167624149925296,1.5104401141909252
"tmean_lag165, tmean_lag180","ARIMAX(3,1,0)",3,1,0,-8090.372278297776,-8060.528490459635,1.7488854131493152,1.5339914506599683
"tmean_lag120, tmean_lag150, tmean_lag165, tmean_lag90, tmean_lag180","ARIMAX(1,1,1)",1,1,1,-6459.356216268136,-6425.249030167403,1.7504762816620956,1.495088360145886
"tmean_lag150, tmean_lag165, tmean_lag90, tmean_lag180","ARIMAX(1,1,1)",1,1,1,-6470.4149853344215,-6436.3077992336885,1.7635496428049202,1.5052704173821074
"tmean_lag135, tmean_lag105, tmean_lag150, tmean_lag180","ARIMAX(1,1,1)",1,1,1,-6499.007654064213,-6469.163866226072,1.7688017414791226,1.5109275505848065
"tmean_lag120, tmean_lag135, tmean_lag165","ARIMAX(3,1,0)",3,1,0,-8060.815222252161,-8030.97143441402,1.781139563633322,1.5651015213759547
"tmean_lag120, tmean_lag135, tmean_lag150, tmean_lag165","ARIMAX(3,1,0)",3,1,0,-8042.843238184256,-8008.736052083523,1.8026374892814574,1.5833406574169968
"tmean_lag120, tmean_lag105, tmean_lag180","ARIMAX(1,1,1)",1,1,1,-6518.489239080559,-6492.908849505009,1.8284482625546805,1.5626292859748654
"tmean_lag120, tmean_lag165, tmean_lag90","ARIMAX(3,1,0)",3,1,0,-8003.265684845907,-7973.421897007766,1.836701228305733,1.6112335555768338
"tmean_lag120, tmean_lag105, tmean_lag150","ARIMAX(1,1,1)",1,1,1,-6528.07628191026,-6502.49589233471,1.859185036129925,1.5892010649406603
"tmean_lag120, tmean_lag135, tmean_lag180","ARIMAX(2,1,0)",2,1,0,-8330.050353138115,-8300.206565299974,1.8743169508655748,1.6419982358536267
"tmean_lag150, tmean_lag165, tmean_lag0, tmean_lag180","ARIMAX(1,1,1)",1,1,1,-6489.932052391869,-6455.824866291136,1.8802197831969174,1.6105846704534863
"tmean_lag165, tmean_lag0","ARIMAX(3,1,1)",3,1,1,-8174.896102390821,-8145.05231455268,1.8831154433363404,1.6524927375922656
"tmean_lag120, tmean_lag165","ARIMAX(3,1,1)",3,1,1,-8112.351538405994,-8082.507750567853,1.8877081576442187,1.6543397813903395
"tmean_lag120, tmean_lag135, tmean_lag105, tmean_lag150, tmean_lag165","ARIMAX(1,1,1)",1,1,1,-6409.752857137886,-6371.382272774562,1.9164634634017976,1.635207948883962
"tmean_lag135, tmean_lag165, tmean_lag0, tmean_lag180","ARIMAX(1,1,1)",1,1,1,-6520.746233153917,-6486.639047053184,1.9180076938593416,1.6395557367724687
"tmean_lag0, tmean_lag180","ARIMAX(2,1,0)",2,1,0,-8495.767415508664,-8470.187025933115,1.9327959139137618,1.692651067872139
"tmean_lag120, tmean_lag0","ARIMAX(2,1,0)",2,1,0,-8465.03123395352,-8443.71424264056,1.9408591046212154,1.7000548544137717
"tmean_lag135, tmean_lag165, tmean_lag180","ARIMAX(3,1,0)",3,1,0,-8044.608428511431,-8014.76464067329,1.9483105716422726,1.7070062962487842
"tmean_lag135, tmean_lag150, tmean_lag165, tmean_lag180","ARIMAX(3,1,0)",3,1,0,-8008.9855714505775,-7974.878385349844,1.9677615466549319,1.7233056453504185
"tmean_lag120, tmean_lag150, tmean_lag0","ARIMAX(2,1,0)",2,1,0,-8417.191286289575,-8391.610896714026,1.9711859177957232,1.7253772182359084
"tmean_lag135, tmean_lag105, tmean_lag165, tmean_lag90, tmean_lag180","ARIMAX(1,1,1)",1,1,1,-6517.751133360102,-6479.380548996778,1.9721609242421079,1.6889918819137502
"tmean_lag120, tmean_lag135, tmean_lag105, tmean_lag165, tmean_lag0, tmean_lag180","ARIMAX(1,1,1)",1,1,1,-6462.7827796423835,-6420.148797016467,1.9912485722042423,1.701341009551883
"tmean_lag120, tmean_lag165, tmean_lag0, tmean_lag180","ARIMAX(1,1,1)",1,1,1,-6452.771081234834,-6418.663895134101,2.021355807762514,1.7191762817242562
"tmean_lag150, tmean_lag0, tmean_lag180","ARIMAX(2,1,0)",2,1,0,-8292.136217956275,-8266.555828380726,2.025419064996327,1.7721123894404924
"tmean_lag120, tmean_lag135, tmean_lag105, tmean_lag90, tmean_lag180","ARIMAX(1,1,1)",1,1,1,-6447.192615218835,-6408.822030855511,2.0340943063638512,1.736560610356629
"tmean_lag135, tmean_lag150, tmean_lag165, tmean_lag90, tmean_lag0, tmean_lag180","ARIMAX(1,1,1)",1,1,1,-6494.246919530462,-6455.876335167138,2.0513889347744496,1.7552793700028262
"tmean_lag120, tmean_lag165, tmean_lag90, tmean_lag180","ARIMAX(1,1,1)",1,1,1,-6522.725669184534,-6488.618483083801,2.0676628916056567,1.764930391947345
"tmean_lag135, tmean_lag105, tmean_lag165","ARIMAX(1,1,1)",1,1,1,-6609.37535514829,-6583.79496557274,2.0899098133121923,1.7876355022286334
"tmean_lag135, tmean_lag105, tmean_lag165, tmean_lag0, tmean_lag180","ARIMAX(1,1,1)",1,1,1,-6519.899720767808,-6481.529136404483,2.0920497445255206,1.7894525894105102
"tmean_lag120, tmean_lag135, tmean_lag105, tmean_lag150","ARIMAX(3,1,0)",3,1,0,-7881.873712770497,-7847.766526669764,2.104998047093865,1.8337068917787798
"tmean_lag120, tmean_lag150, tmean_lag165, tmean_lag0, tmean_lag180","ARIMAX(1,1,1)",1,1,1,-6551.410792745715,-6517.303606644982,2.112416350881217,1.8072085567769152
"tmean_lag120, tmean_lag135, tmean_lag150, tmean_lag165, tmean_lag90, tmean_lag180","ARIMAX(3,1,0)",3,1,0,-7846.4355741475265,-7803.80159152161,2.1232192663989413,1.8514942660242808
"tmean_lag150, tmean_lag90, tmean_lag0","ARIMAX(2,1,0)",2,1,0,-8275.375187857193,-8249.794798281644,2.126299681515305,1.855064264050427
"tmean_lag105, tmean_lag150, tmean_lag0","ARIMAX(1,1,1)",1,1,1,-6609.8129392353285,-6584.232549659779,2.1778557610407163,1.8627079828123971
"tmean_lag120, tmean_lag135, tmean_lag150, tmean_lag165, tmean_lag0, tmean_lag180","ARIMAX(3,1,0)",3,1,0,-7851.399586208583,-7808.765603582667,2.2218147125964567,1.9368681950518107
"tmean_lag120, tmean_lag0, tmean_lag180","ARIMAX(2,1,0)",2,1,0,-8376.761880492691,-8351.181490917143,2.242038689031193,1.9499246535643522
"tmean_lag105, tmean_lag165, tmean_lag90, tmean_lag0","ARIMAX(1,1,1)",1,1,1,-6577.9290971254,-6543.821911024667,2.265255387394742,1.9352157055457897
"tmean_lag120, tmean_lag105, tmean_lag150, tmean_lag90, tmean_lag0","ARIMAX(3,1,0)",3,1,0,-7688.429909296494,-7650.05932493317,2.3717238983432933,2.0540015095555186
"tmean_lag120, tmean_lag105, tmean_lag90, tmean_lag0","ARIMAX(3,1,0)",3,1,0,-7707.445538406964,-7673.338352306231,2.3818547526165497,2.0622844891347833
"tmean_lag105, tmean_lag150, tmean_lag90, tmean_lag0","ARIMAX(1,1,1)",1,1,1,-6587.073863689576,-6552.966677588843,2.3993939618685527,2.0488445824129715
"tmean_lag120, tmean_lag135, tmean_lag105, tmean_lag150, tmean_lag180","ARIMAX(1,1,1)",1,1,1,-6530.013865897523,-6495.90667979679,2.4150287611534815,2.062732141614043
"tmean_lag135, tmean_lag105, tmean_lag0","ARIMAX(3,1,1)",3,1,1,-7770.893017002029,-7736.785830901296,2.420039676809411,2.094433862035991
"tmean_lag120, tmean_lag135, tmean_lag105, tmean_lag90, tmean_lag0, tmean_lag180","ARIMAX(3,1,0)",3,1,0,-7640.4150322188425,-7597.781049592926,2.4764409107743797,2.141158760623629
"tmean_lag120, tmean_lag135, tmean_lag105, tmean_lag165","ARIMAX(3,1,0)",3,1,0,-7577.653818452635,-7543.546632351902,2.5252908687711537,2.1770890100255906
"tmean_lag105, tmean_lag150, tmean_lag165, tmean_lag90","ARIMAX(3,1,0)",3,1,0,-7525.60863153651,-7491.501445435777,2.550957884502553,2.196809630906422
"tmean_lag135, tmean_lag150, tmean_lag165, tmean_lag90, tmean_lag0","ARIMAX(1,1,1)",1,1,1,-6547.020172446189,-6508.649588082864,2.6071309817846915,2.222998527084395
"tmean_lag135, tmean_lag105, tmean_lag150, tmean_lag165, tmean_lag0","ARIMAX(3,1,0)",3,1,0,-7525.542756720761,-7487.1721723574365,2.6507463804002995,2.280964814094634
"tmean_lag105, tmean_lag150","ARIMAX(1,1,1)",1,1,1,-6708.66581335139,-6683.08542377584,2.698514313916745,2.298764342218793
"tmean_lag135, tmean_lag105, tmean_lag150, tmean_lag165, tmean_lag0, tmean_lag180","ARIMAX(3,1,0)",3,1,0,-7448.675944893008,-7406.041962267092,2.792098102747432,2.3952842002373225
